4320.47486224,190.867323253902,3.46801401076551,0.479965544298
4162.66846855,173.806065451537,3.16020371475695,0.436332312999
8348.48306119,137.717902633918,2.51005511276939,0.344702527269
8742.99904541,154.943451466813,2.820188062853,0.388335758569
7164.93510851,166.957943996065,3.03671937637471,0.418879020479
7243.83830535,211.220208925747,3.83545245754272,0.532325421858
7638.35428958,148.061622928937,2.69623583111331,0.370882466049
5504.02281492,134.264664392254,2.44793759941911,0.335975881009
3925.95887801,182.347543119965,3.31427777240335,0.458148928649
6214.15158652,132.537082583337,2.41686964019704,0.331612557879
